{
  "rollWidget": {
    "origin": "BOTTOM",
    "offset": {
      "f_82470_": 123.66685,
      "f_82471_": -12.999999
    }
  }
}